username,following,follower,link,avatar_url,name,bio,public_repos,location
kenjinote,Yes,Yes,https://github.com/kenjinote,,,,0,
MuhamedHabib,Yes,Yes,https://github.com/MuhamedHabib,,,,0,
Geek-Cheth,Yes,Yes,https://github.com/Geek-Cheth,,,,0,
gocklkatz,Yes,Yes,https://github.com/gocklkatz,,,,0,
miguelfermo,Yes,No,https://github.com/miguelfermo,,,,0,
3th1K,Yes,No,https://github.com/3th1K,,,,0,
mrs83,Yes,Yes,https://github.com/mrs83,,,,0,
9elmaz9,Yes,Yes,https://github.com/9elmaz9,,,,0,
mohammad8186,Yes,Yes,https://github.com/mohammad8186,,,,0,
chris-ruther,Yes,No,https://github.com/chris-ruther,,,,0,
zshaian,Yes,No,https://github.com/zshaian,,,,0,
DevvObiero,Yes,Yes,https://github.com/DevvObiero,,,,0,
abubaimoro,Yes,No,https://github.com/abubaimoro,,,,0,
LSUDOKO,Yes,Yes,https://github.com/LSUDOKO,,,,0,
eric2016mark,Yes,Yes,https://github.com/eric2016mark,,,,0,
topsecretagent007,Yes,Yes,https://github.com/topsecretagent007,,,,0,
SaurabhSSB,Yes,Yes,https://github.com/SaurabhSSB,,,,0,
meyerdan,Yes,No,https://github.com/meyerdan,,,,0,
ibrahim-sisar,Yes,Yes,https://github.com/ibrahim-sisar,,,,0,
github-erro,Yes,Yes,https://github.com/github-erro,,,,0,
alimahdibahrami,Yes,Yes,https://github.com/alimahdibahrami,,,,0,
Aramayis331,Yes,Yes,https://github.com/Aramayis331,,,,0,
LakshyaDuhoonISU,Yes,No,https://github.com/LakshyaDuhoonISU,,,,0,
googleinterns,Yes,No,https://github.com/googleinterns,,,,0,
khvci,Yes,Yes,https://github.com/khvci,,,,0,
longphanquangminh,Yes,Yes,https://github.com/longphanquangminh,,,,0,
thinkingdev9,Yes,Yes,https://github.com/thinkingdev9,,,,0,
omarsoufiane,Yes,Yes,https://github.com/omarsoufiane,,,,0,
HA2345567,Yes,Yes,https://github.com/HA2345567,,,,0,
tedster0629,Yes,No,https://github.com/tedster0629,,,,0,
fermincasquero,Yes,Yes,https://github.com/fermincasquero,,,,0,
ThiroshMadhusha,Yes,Yes,https://github.com/ThiroshMadhusha,,,,0,
hipolitorodrigues,Yes,Yes,https://github.com/hipolitorodrigues,,,,0,
jbirkenmaier,Yes,Yes,https://github.com/jbirkenmaier,,,,0,
adhil-bit,Yes,Yes,https://github.com/adhil-bit,,,,0,
joe-mcintyre,Yes,No,https://github.com/joe-mcintyre,,,,0,
PouyaSonej,Yes,Yes,https://github.com/PouyaSonej,,,,0,
Alirezz2020,Yes,Yes,https://github.com/Alirezz2020,,,,0,
ayaanzhaque,Yes,No,https://github.com/ayaanzhaque,,,,0,
AnitaSobhanian,Yes,Yes,https://github.com/AnitaSobhanian,,,,0,
NoraCPU,Yes,Yes,https://github.com/NoraCPU,,,,0,
italia,Yes,No,https://github.com/italia,,,,0,
devjohnsonmwangi,Yes,No,https://github.com/devjohnsonmwangi,,,,0,
FarahIbrar,Yes,Yes,https://github.com/FarahIbrar,,,,0,
mohamedelmougy,Yes,Yes,https://github.com/mohamedelmougy,,,,0,
scar813710,Yes,Yes,https://github.com/scar813710,,,,0,
AtomicSponge,Yes,Yes,https://github.com/AtomicSponge,,,,0,
karianne50m,Yes,Yes,https://github.com/karianne50m,,,,0,
K1rsN7,Yes,Yes,https://github.com/K1rsN7,,,,0,
Jaachimike,Yes,Yes,https://github.com/Jaachimike,,,,0,
PacomKapus,Yes,Yes,https://github.com/PacomKapus,,,,0,
zainab0077,Yes,Yes,https://github.com/zainab0077,,,,0,
rejwar,No,Yes,https://github.com/rejwar,,,,0,
alinezs,Yes,Yes,https://github.com/alinezs,,,,0,
josephmbasile,Yes,Yes,https://github.com/josephmbasile,,,,0,
nelbta,Yes,Yes,https://github.com/nelbta,,,,0,
godyracks,Yes,Yes,https://github.com/godyracks,,,,0,
laurence57l,Yes,Yes,https://github.com/laurence57l,,,,0,
codecruz,Yes,Yes,https://github.com/codecruz,,,,0,
yousefkotp,Yes,No,https://github.com/yousefkotp,,,,0,
jozef-javorsky-dodo,Yes,Yes,https://github.com/jozef-javorsky-dodo,,,,0,
bstordrup,Yes,Yes,https://github.com/bstordrup,,,,0,
amitabhanmolpain,Yes,Yes,https://github.com/amitabhanmolpain,,,,0,
nahidhk,Yes,Yes,https://github.com/nahidhk,,,,0,
yves-sevg,Yes,No,https://github.com/yves-sevg,,,,0,
Lucca-rgb,Yes,Yes,https://github.com/Lucca-rgb,,,,0,
Omar1CHTAIBA,Yes,Yes,https://github.com/Omar1CHTAIBA,,,,0,
florian-ariasu,Yes,Yes,https://github.com/florian-ariasu,,,,0,
TitoBotelho,Yes,Yes,https://github.com/TitoBotelho,,,,0,
fracapuano,Yes,No,https://github.com/fracapuano,,,,0,
IAbuElRuzz,Yes,Yes,https://github.com/IAbuElRuzz,,,,0,
nuranferhan,Yes,No,https://github.com/nuranferhan,,,,0,
2ft-high,Yes,Yes,https://github.com/2ft-high,,,,0,
CShikina,Yes,No,https://github.com/CShikina,,,,0,
subhashhhhhh,Yes,Yes,https://github.com/subhashhhhhh,,,,0,
djvelimir,Yes,Yes,https://github.com/djvelimir,,,,0,
akaday,Yes,Yes,https://github.com/akaday,,,,0,
crypto318,Yes,Yes,https://github.com/crypto318,,,,0,
jelspace,Yes,Yes,https://github.com/jelspace,,,,0,
SC-One,Yes,Yes,https://github.com/SC-One,,,,0,
CLOV12,Yes,Yes,https://github.com/CLOV12,,,,0,
TheMolecularDynamicsProfessor,Yes,Yes,https://github.com/TheMolecularDynamicsProfessor,,,,0,
mahseema,Yes,No,https://github.com/mahseema,,,,0,
KostasSliazas,Yes,Yes,https://github.com/KostasSliazas,,,,0,
nurullaibadov,Yes,Yes,https://github.com/nurullaibadov,,,,0,
D0men1c0,Yes,Yes,https://github.com/D0men1c0,,,,0,
AbMosawerWadan,Yes,Yes,https://github.com/AbMosawerWadan,,,,0,
thebuilder,Yes,No,https://github.com/thebuilder,,,,0,
LOOOOOOK12,Yes,Yes,https://github.com/LOOOOOOK12,,,,0,
AlirezaFB01,Yes,Yes,https://github.com/AlirezaFB01,,,,0,
0joseDark,Yes,Yes,https://github.com/0joseDark,,,,0,
LukaDut7,Yes,Yes,https://github.com/LukaDut7,,,,0,
fesarikaya,Yes,Yes,https://github.com/fesarikaya,,,,0,
denishy-sh,Yes,No,https://github.com/denishy-sh,,,,0,
Joankurui,No,Yes,https://github.com/Joankurui,,,,0,
Kaletsidikk,Yes,Yes,https://github.com/Kaletsidikk,,,,0,
piupauspide,Yes,Yes,https://github.com/piupauspide,,,,0,
pinhe91,Yes,Yes,https://github.com/pinhe91,,,,0,
Kishankumar1328,Yes,Yes,https://github.com/Kishankumar1328,,,,0,
kourosh07,Yes,Yes,https://github.com/kourosh07,,,,0,
rakinplaban,Yes,Yes,https://github.com/rakinplaban,,,,0,
aylar-ghezelbash,Yes,Yes,https://github.com/aylar-ghezelbash,,,,0,
malone0323,Yes,Yes,https://github.com/malone0323,,,,0,
nstrmx,Yes,Yes,https://github.com/nstrmx,,,,0,
toastkidjp,Yes,Yes,https://github.com/toastkidjp,,,,0,
c0nn3r,Yes,No,https://github.com/c0nn3r,,,,0,
JayKim88,Yes,Yes,https://github.com/JayKim88,,,,0,
yasinkarimzadehgh,Yes,Yes,https://github.com/yasinkarimzadehgh,,,,0,
deepraj16,Yes,No,https://github.com/deepraj16,,,,0,
renawmontanari,Yes,Yes,https://github.com/renawmontanari,,,,0,
ZahraSahranavard,Yes,Yes,https://github.com/ZahraSahranavard,,,,0,
IljaZimakovs,Yes,Yes,https://github.com/IljaZimakovs,,,,0,
cgrundman,Yes,Yes,https://github.com/cgrundman,,,,0,
vladmeer,Yes,Yes,https://github.com/vladmeer,,,,0,
dgfigueroa29,Yes,Yes,https://github.com/dgfigueroa29,,,,0,
NeuralNine,Yes,No,https://github.com/NeuralNine,,,,0,
shahab-bozorgi,Yes,No,https://github.com/shahab-bozorgi,,,,0,
kvm101,Yes,Yes,https://github.com/kvm101,,,,0,
reid-harrisson,Yes,Yes,https://github.com/reid-harrisson,,,,0,
Azoonex,Yes,Yes,https://github.com/Azoonex,,,,0,
Younes-ch,No,Yes,https://github.com/Younes-ch,,,,0,
Chitus,Yes,Yes,https://github.com/Chitus,,,,0,
IDouble,Yes,Yes,https://github.com/IDouble,,,,0,
Timdev0x,Yes,Yes,https://github.com/Timdev0x,,,,0,
james-guerrero,Yes,No,https://github.com/james-guerrero,,,,0,
Bibi1205,Yes,Yes,https://github.com/Bibi1205,,,,0,
ahr-i,Yes,No,https://github.com/ahr-i,,,,0,
urmasa-tar,Yes,Yes,https://github.com/urmasa-tar,,,,0,
Kerminator1973,Yes,No,https://github.com/Kerminator1973,,,,0,
Sara-ibrahiim,Yes,Yes,https://github.com/Sara-ibrahiim,,,,0,
bano-kauser,Yes,No,https://github.com/bano-kauser,,,,0,
carlosdanielpohlod,Yes,Yes,https://github.com/carlosdanielpohlod,,,,0,
Rez4-3yz,Yes,Yes,https://github.com/Rez4-3yz,,,,0,
m-swapnil,Yes,Yes,https://github.com/m-swapnil,,,,0,
amkatrutsa,Yes,No,https://github.com/amkatrutsa,,,,0,
NovaLogics,Yes,Yes,https://github.com/NovaLogics,,,,0,
Bikmandjuma,Yes,Yes,https://github.com/Bikmandjuma,,,,0,
oxcened,Yes,No,https://github.com/oxcened,,,,0,
IasonOrlandos,Yes,Yes,https://github.com/IasonOrlandos,,,,0,
siridc,Yes,Yes,https://github.com/siridc,,,,0,
Redwanul-Hassan-Labib,Yes,No,https://github.com/Redwanul-Hassan-Labib,,,,0,
cryptoking000,Yes,No,https://github.com/cryptoking000,,,,0,
1501henify,Yes,Yes,https://github.com/1501henify,,,,0,
psemicol,Yes,Yes,https://github.com/psemicol,,,,0,
amirallami-code,Yes,Yes,https://github.com/amirallami-code,,,,0,
riseansmal,Yes,Yes,https://github.com/riseansmal,,,,0,
jurchiks33,Yes,Yes,https://github.com/jurchiks33,,,,0,
Syaw0,Yes,Yes,https://github.com/Syaw0,,,,0,
whitenight-eco,Yes,Yes,https://github.com/whitenight-eco,,,,0,
grant-king,Yes,Yes,https://github.com/grant-king,,,,0,
dreamstreamerr,Yes,Yes,https://github.com/dreamstreamerr,,,,0,
NuriyeSultanli,Yes,Yes,https://github.com/NuriyeSultanli,,,,0,
LuizAnunciato,Yes,Yes,https://github.com/LuizAnunciato,,,,0,
DanielArturoAlejoAlvarez,Yes,No,https://github.com/DanielArturoAlejoAlvarez,,,,0,
krllblkv,Yes,Yes,https://github.com/krllblkv,,,,0,
SanOrtellado,Yes,Yes,https://github.com/SanOrtellado,,,,0,
Marcos9868,Yes,No,https://github.com/Marcos9868,,,,0,
JohnMwendwa,Yes,Yes,https://github.com/JohnMwendwa,,,,0,
GeniusGoldDev,Yes,Yes,https://github.com/GeniusGoldDev,,,,0,
gabrielestefono,Yes,Yes,https://github.com/gabrielestefono,,,,0,
nelbetancur,Yes,Yes,https://github.com/nelbetancur,,,,0,
PlumpMath,Yes,Yes,https://github.com/PlumpMath,,,,0,
gabrycina,Yes,No,https://github.com/gabrycina,,,,0,
itsKayWat,Yes,Yes,https://github.com/itsKayWat,,,,0,
paren-thesis,Yes,Yes,https://github.com/paren-thesis,,,,0,
cfrBernard,Yes,Yes,https://github.com/cfrBernard,,,,0,
rayder-dev,Yes,Yes,https://github.com/rayder-dev,,,,0,
gguggurggu,Yes,Yes,https://github.com/gguggurggu,,,,0,
irfanulkabirhira,Yes,Yes,https://github.com/irfanulkabirhira,,,,0,
avict18,Yes,Yes,https://github.com/avict18,,,,0,
iidmsa,Yes,No,https://github.com/iidmsa,,,,0,
hassan7303,No,Yes,https://github.com/hassan7303,,,,0,
ediakatos,Yes,Yes,https://github.com/ediakatos,,,,0,
sarahdanesh,Yes,Yes,https://github.com/sarahdanesh,,,,0,
alipejman,Yes,Yes,https://github.com/alipejman,,,,0,
HartajS,Yes,Yes,https://github.com/HartajS,,,,0,
Abdellahsyani,Yes,Yes,https://github.com/Abdellahsyani,,,,0,
zzzarius,Yes,Yes,https://github.com/zzzarius,,,,0,
jrohitofficial,Yes,No,https://github.com/jrohitofficial,,,,0,
Luizavillar,Yes,No,https://github.com/Luizavillar,,,,0,
TAJ2003,Yes,Yes,https://github.com/TAJ2003,,,,0,
D-Gaspa,Yes,Yes,https://github.com/D-Gaspa,,,,0,
kayukeee,Yes,Yes,https://github.com/kayukeee,,,,0,
KvRae,Yes,Yes,https://github.com/KvRae,,,,0,
iisavzxie,Yes,Yes,https://github.com/iisavzxie,,,,0,
ryy197340,Yes,Yes,https://github.com/ryy197340,,,,0,
jwe0,Yes,Yes,https://github.com/jwe0,,,,0,
Lucasnistico,Yes,Yes,https://github.com/Lucasnistico,,,,0,
jeffersongoncalves,Yes,Yes,https://github.com/jeffersongoncalves,,,,0,
DIMFLIX-OFFICIAL,Yes,Yes,https://github.com/DIMFLIX-OFFICIAL,,,,0,
lazdelfi,Yes,Yes,https://github.com/lazdelfi,,,,0,
ansh,Yes,No,https://github.com/ansh,,,,0,
prabinpanta0,Yes,Yes,https://github.com/prabinpanta0,,,,0,
matinft7,Yes,Yes,https://github.com/matinft7,,,,0,
aptsharp,Yes,Yes,https://github.com/aptsharp,,,,0,
briananotado,Yes,Yes,https://github.com/briananotado,,,,0,
lunanfoldomics,Yes,Yes,https://github.com/lunanfoldomics,,,,0,
jossyKyalo,Yes,Yes,https://github.com/jossyKyalo,,,,0,
MattNami,No,Yes,https://github.com/MattNami,,,,0,
thygasantos,Yes,Yes,https://github.com/thygasantos,,,,0,
capitansec,Yes,No,https://github.com/capitansec,,,,0,
abdelkarimhajji,Yes,No,https://github.com/abdelkarimhajji,,,,0,
Lasim,Yes,Yes,https://github.com/Lasim,,,,0,
khloudcode,Yes,No,https://github.com/khloudcode,,,,0,
XiaomingX,Yes,Yes,https://github.com/XiaomingX,,,,0,
LucasVince,Yes,Yes,https://github.com/LucasVince,,,,0,
marsianjohncarter,Yes,Yes,https://github.com/marsianjohncarter,,,,0,
watchout254,Yes,Yes,https://github.com/watchout254,,,,0,
Rabbit1026HG,Yes,Yes,https://github.com/Rabbit1026HG,,,,0,
hyper-ayoub,Yes,Yes,https://github.com/hyper-ayoub,,,,0,
yui-knk,Yes,No,https://github.com/yui-knk,,,,0,
olya-us,Yes,Yes,https://github.com/olya-us,,,,0,
husreo,Yes,Yes,https://github.com/husreo,,,,0,
DeFiApeSniper,Yes,Yes,https://github.com/DeFiApeSniper,,,,0,
ntsmk,Yes,Yes,https://github.com/ntsmk,,,,0,
ahnshy,Yes,Yes,https://github.com/ahnshy,,,,0,
T-rustdev,Yes,No,https://github.com/T-rustdev,,,,0,
snlimadev,Yes,Yes,https://github.com/snlimadev,,,,0,
Ravi-Dahiya-00,Yes,Yes,https://github.com/Ravi-Dahiya-00,,,,0,
Ballwictb,Yes,Yes,https://github.com/Ballwictb,,,,0,
Shekhinah81,Yes,No,https://github.com/Shekhinah81,,,,0,
CaioSampa,Yes,Yes,https://github.com/CaioSampa,,,,0,
iamapuneet,Yes,Yes,https://github.com/iamapuneet,,,,0,
halil-yesilyurt,Yes,Yes,https://github.com/halil-yesilyurt,,,,0,
Gubintongxue,Yes,Yes,https://github.com/Gubintongxue,,,,0,
TheNeutronGirl,Yes,Yes,https://github.com/TheNeutronGirl,,,,0,
vibhuthakur9911,Yes,Yes,https://github.com/vibhuthakur9911,,,,0,
StefanHritcu,Yes,Yes,https://github.com/StefanHritcu,,,,0,
KuruiJoanjebiwot,Yes,Yes,https://github.com/KuruiJoanjebiwot,,,,0,
aridepai17,Yes,No,https://github.com/aridepai17,,,,0,
erkanerol,Yes,No,https://github.com/erkanerol,,,,0,
Lazerper,Yes,Yes,https://github.com/Lazerper,,,,0,
gustavodiasag,Yes,Yes,https://github.com/gustavodiasag,,,,0,
Bubhux,Yes,Yes,https://github.com/Bubhux,,,,0,
Aoik225,Yes,Yes,https://github.com/Aoik225,,,,0,
neetcode-gh,Yes,No,https://github.com/neetcode-gh,,,,0,
Omidfoladvand4,Yes,No,https://github.com/Omidfoladvand4,,,,0,
Magic-Glove,Yes,No,https://github.com/Magic-Glove,,,,0,
Erik-Cupsa,Yes,No,https://github.com/Erik-Cupsa,,,,0,
ZhibangYue,Yes,Yes,https://github.com/ZhibangYue,,,,0,
aminelebrini,Yes,Yes,https://github.com/aminelebrini,,,,0,
quintin-dev,Yes,Yes,https://github.com/quintin-dev,,,,0,
sevenjunebaby,Yes,Yes,https://github.com/sevenjunebaby,,,,0,
juandtap,Yes,No,https://github.com/juandtap,,,,0,
nathadriele,Yes,No,https://github.com/nathadriele,,,,0,
danialtrehan,Yes,Yes,https://github.com/danialtrehan,,,,0,
git0802,Yes,Yes,https://github.com/git0802,,,,0,
Eugene-prog,Yes,Yes,https://github.com/Eugene-prog,,,,0,
juliuszlosinski,Yes,No,https://github.com/juliuszlosinski,,,,0,
devstar829,Yes,Yes,https://github.com/devstar829,,,,0,
giaddetta,Yes,Yes,https://github.com/giaddetta,,,,0,
hutajoullach,Yes,Yes,https://github.com/hutajoullach,,,,0,
iminside,Yes,No,https://github.com/iminside,,,,0,
Abdullahsaleh203,Yes,Yes,https://github.com/Abdullahsaleh203,,,,0,
Samooh-9820060,Yes,Yes,https://github.com/Samooh-9820060,,,,0,
Timofey3085,Yes,No,https://github.com/Timofey3085,,,,0,
jacobsomer,Yes,Yes,https://github.com/jacobsomer,,,,0,
1985Valdemar,Yes,Yes,https://github.com/1985Valdemar,,,,0,
kayak4665664,Yes,Yes,https://github.com/kayak4665664,,,,0,
AbolfazlAbbasiSaeb,Yes,Yes,https://github.com/AbolfazlAbbasiSaeb,,,,0,
jit87,Yes,No,https://github.com/jit87,,,,0,
bjtu-lucas-nlp,Yes,Yes,https://github.com/bjtu-lucas-nlp,,,,0,
yasir-shahzad,Yes,No,https://github.com/yasir-shahzad,,,,0,
Andrew-Costure,Yes,Yes,https://github.com/Andrew-Costure,,,,0,
ME0ffjk,Yes,Yes,https://github.com/ME0ffjk,,,,0,
arash-hacker,Yes,Yes,https://github.com/arash-hacker,,,,0,
N1TEB0I,Yes,Yes,https://github.com/N1TEB0I,,,,0,
davidjose47sudo,Yes,No,https://github.com/davidjose47sudo,,,,0,
freeman0725,Yes,Yes,https://github.com/freeman0725,,,,0,
RTX3080Ti-Official,Yes,Yes,https://github.com/RTX3080Ti-Official,,,,0,
edisonyls,Yes,No,https://github.com/edisonyls,,,,0,
light-hat,Yes,Yes,https://github.com/light-hat,,,,0,
Paul-FranckDencausse,Yes,No,https://github.com/Paul-FranckDencausse,,,,0,
george0st,Yes,Yes,https://github.com/george0st,,,,0,
Motaman-M,Yes,Yes,https://github.com/Motaman-M,,,,0,
DmytroPutko,Yes,No,https://github.com/DmytroPutko,,,,0,
wahyudesu,Yes,Yes,https://github.com/wahyudesu,,,,0,
mustafayusufaksoy,Yes,Yes,https://github.com/mustafayusufaksoy,,,,0,
Emon2358,Yes,Yes,https://github.com/Emon2358,,,,0,
standardgalactic,Yes,Yes,https://github.com/standardgalactic,,,,0,
Wallah10,Yes,No,https://github.com/Wallah10,,,,0,
mdashrafali-cs,Yes,No,https://github.com/mdashrafali-cs,,,,0,
Nuuriii,Yes,Yes,https://github.com/Nuuriii,,,,0,
mbahomaid,No,Yes,https://github.com/mbahomaid,,,,0,
achhibi,Yes,Yes,https://github.com/achhibi,,,,0,
SeunBoyy,Yes,Yes,https://github.com/SeunBoyy,,,,0,
Anonymous6598,Yes,Yes,https://github.com/Anonymous6598,,,,0,
treeMan0301,Yes,No,https://github.com/treeMan0301,,,,0,
mhaythornthwaite,Yes,No,https://github.com/mhaythornthwaite,,,,0,
LeonardoTrapani,Yes,No,https://github.com/LeonardoTrapani,,,,0,
SwiftCode0325,Yes,Yes,https://github.com/SwiftCode0325,,,,0,
sabbir-noyon,Yes,Yes,https://github.com/sabbir-noyon,,,,0,
HexaDev-De,Yes,Yes,https://github.com/HexaDev-De,,,,0,
iroot3,Yes,Yes,https://github.com/iroot3,,,,0,
ShaheenJawadi,Yes,Yes,https://github.com/ShaheenJawadi,,,,0,
flaviopavim,Yes,No,https://github.com/flaviopavim,,,,0,
LinuxJS,Yes,Yes,https://github.com/LinuxJS,,,,0,
yhs0602,Yes,No,https://github.com/yhs0602,,,,0,
yyle88,Yes,Yes,https://github.com/yyle88,,,,0,
HelgeSverre,Yes,No,https://github.com/HelgeSverre,,,,0,
segemun,Yes,Yes,https://github.com/segemun,,,,0,
wisamidris77,Yes,No,https://github.com/wisamidris77,,,,0,
yeasin-gazi,Yes,Yes,https://github.com/yeasin-gazi,,,,0,
Luisa-m17,Yes,No,https://github.com/Luisa-m17,,,,0,
Apiror,Yes,Yes,https://github.com/Apiror,,,,0,
duongminh318,Yes,Yes,https://github.com/duongminh318,,,,0,
IMENAKING,Yes,Yes,https://github.com/IMENAKING,,,,0,
emmanuelvelmo,Yes,No,https://github.com/emmanuelvelmo,,,,0,
aminabdiii,Yes,Yes,https://github.com/aminabdiii,,,,0,
Mostafa229Gh,Yes,Yes,https://github.com/Mostafa229Gh,,,,0,
