username,following,follower,link
N1TEB0I,Yes,Yes,https://github.com/N1TEB0I
MuhamedHabib,Yes,Yes,https://github.com/MuhamedHabib
SwiftCode0325,Yes,Yes,https://github.com/SwiftCode0325
gocklkatz,Yes,Yes,https://github.com/gocklkatz
achhibi,Yes,Yes,https://github.com/achhibi
arash-hacker,Yes,Yes,https://github.com/arash-hacker
jelspace,Yes,Yes,https://github.com/jelspace
Kishankumar1328,Yes,Yes,https://github.com/Kishankumar1328
gabrycina,Yes,No,https://github.com/gabrycina
kourosh07,Yes,Yes,https://github.com/kourosh07
djvelimir,Yes,Yes,https://github.com/djvelimir
LeonardoTrapani,Yes,No,https://github.com/LeonardoTrapani
LuizAnunciato,Yes,Yes,https://github.com/LuizAnunciato
kayak4665664,Yes,Yes,https://github.com/kayak4665664
fermincasquero,Yes,Yes,https://github.com/fermincasquero
NeuralNine,Yes,No,https://github.com/NeuralNine
creepycute,Yes,No,https://github.com/creepycute
NuriyeSultanli,Yes,Yes,https://github.com/NuriyeSultanli
itsKayWat,Yes,Yes,https://github.com/itsKayWat
Anonymous6598,Yes,Yes,https://github.com/Anonymous6598
mustafayusufaksoy,Yes,Yes,https://github.com/mustafayusufaksoy
HexaDev-De,Yes,Yes,https://github.com/HexaDev-De
iisavzxie,Yes,Yes,https://github.com/iisavzxie
nurullaibadov,Yes,Yes,https://github.com/nurullaibadov
ahnshy,Yes,Yes,https://github.com/ahnshy
m-swapnil,Yes,Yes,https://github.com/m-swapnil
Timdev0x,Yes,Yes,https://github.com/Timdev0x
lazdelfi,Yes,Yes,https://github.com/lazdelfi
DIMFLIX-OFFICIAL,Yes,Yes,https://github.com/DIMFLIX-OFFICIAL
Erik-Cupsa,Yes,No,https://github.com/Erik-Cupsa
Abdellahsyani,Yes,Yes,https://github.com/Abdellahsyani
riseansmal,Yes,Yes,https://github.com/riseansmal
yyle88,Yes,Yes,https://github.com/yyle88
thygasantos,Yes,Yes,https://github.com/thygasantos
Azoonex,Yes,Yes,https://github.com/Azoonex
giaddetta,Yes,Yes,https://github.com/giaddetta
gustavodiasag,Yes,Yes,https://github.com/gustavodiasag
Jon2G,Yes,No,https://github.com/Jon2G
alipejman,Yes,Yes,https://github.com/alipejman
alimahdibahrami,Yes,Yes,https://github.com/alimahdibahrami
zainab0077,Yes,Yes,https://github.com/zainab0077
allan516,Yes,No,https://github.com/allan516
scar813710,Yes,Yes,https://github.com/scar813710
Samooh-9820060,Yes,Yes,https://github.com/Samooh-9820060
AbMosawerWadan,Yes,Yes,https://github.com/AbMosawerWadan
DeFiApeSniper,Yes,Yes,https://github.com/DeFiApeSniper
1501henify,Yes,Yes,https://github.com/1501henify
IasonOrlandos,Yes,Yes,https://github.com/IasonOrlandos
TitoBotelho,Yes,Yes,https://github.com/TitoBotelho
neetcode-gh,Yes,No,https://github.com/neetcode-gh
mrs83,Yes,Yes,https://github.com/mrs83
khvci,Yes,Yes,https://github.com/khvci
mohamedelmougy,Yes,Yes,https://github.com/mohamedelmougy
Chitus,Yes,Yes,https://github.com/Chitus
mohammad8186,Yes,Yes,https://github.com/mohammad8186
JohnMwendwa,Yes,Yes,https://github.com/JohnMwendwa
SaurabhSSB,Yes,Yes,https://github.com/SaurabhSSB
iroot3,Yes,Yes,https://github.com/iroot3
gguggurggu,Yes,Yes,https://github.com/gguggurggu
duongminh318,Yes,Yes,https://github.com/duongminh318
wahyudesu,Yes,Yes,https://github.com/wahyudesu
nelbetancur,Yes,Yes,https://github.com/nelbetancur
git0802,Yes,Yes,https://github.com/git0802
shadowmilkcherie,Yes,No,https://github.com/shadowmilkcherie
sarahdanesh,Yes,Yes,https://github.com/sarahdanesh
godyracks,Yes,Yes,https://github.com/godyracks
fesarikaya,Yes,Yes,https://github.com/fesarikaya
0joseDark,Yes,Yes,https://github.com/0joseDark
Joankurui,No,Yes,https://github.com/Joankurui
PlumpMath,Yes,Yes,https://github.com/PlumpMath
GeniusGoldDev,Yes,Yes,https://github.com/GeniusGoldDev
ntsmk,Yes,Yes,https://github.com/ntsmk
XiaomingX,Yes,Yes,https://github.com/XiaomingX
cgrundman,Yes,Yes,https://github.com/cgrundman
Mostafa229Gh,Yes,Yes,https://github.com/Mostafa229Gh
jbirkenmaier,Yes,Yes,https://github.com/jbirkenmaier
aminelebrini,Yes,Yes,https://github.com/aminelebrini
aylar-ghezelbash,Yes,Yes,https://github.com/aylar-ghezelbash
irfanulkabirhira,Yes,Yes,https://github.com/irfanulkabirhira
parsherr,Yes,No,https://github.com/parsherr
flaviopavim,Yes,Yes,https://github.com/flaviopavim
Aoik225,Yes,Yes,https://github.com/Aoik225
fabortwell,Yes,No,https://github.com/fabortwell
D0men1c0,Yes,Yes,https://github.com/D0men1c0
KuruiJoanjebiwot,Yes,Yes,https://github.com/KuruiJoanjebiwot
vladmeer,Yes,Yes,https://github.com/vladmeer
krllblkv,Yes,Yes,https://github.com/krllblkv
hutajoullach,Yes,Yes,https://github.com/hutajoullach
ryy197340,Yes,Yes,https://github.com/ryy197340
walidhsn,Yes,No,https://github.com/walidhsn
kvm101,Yes,Yes,https://github.com/kvm101
olya-us,Yes,Yes,https://github.com/olya-us
Rabbit1026HG,Yes,Yes,https://github.com/Rabbit1026HG
topsecretagent007,Yes,Yes,https://github.com/topsecretagent007
Omidfoladvand4,Yes,No,https://github.com/Omidfoladvand4
piupauspide,Yes,Yes,https://github.com/piupauspide
Lazerper,Yes,Yes,https://github.com/Lazerper
nstrmx,Yes,Yes,https://github.com/nstrmx
AlirezaFB01,Yes,Yes,https://github.com/AlirezaFB01
AtomicSponge,Yes,Yes,https://github.com/AtomicSponge
AnitaSobhanian,Yes,Yes,https://github.com/AnitaSobhanian
pelinski46,Yes,No,https://github.com/pelinski46
Apiror,Yes,Yes,https://github.com/Apiror
avict18,Yes,Yes,https://github.com/avict18
dgfigueroa29,Yes,Yes,https://github.com/dgfigueroa29
freeman0725,Yes,Yes,https://github.com/freeman0725
ZahraSahranavard,Yes,Yes,https://github.com/ZahraSahranavard
IDouble,Yes,Yes,https://github.com/IDouble
IljaZimakovs,Yes,Yes,https://github.com/IljaZimakovs
gamblinq,Yes,No,https://github.com/gamblinq
standardgalactic,Yes,Yes,https://github.com/standardgalactic
ThiroshMadhusha,Yes,Yes,https://github.com/ThiroshMadhusha
TheMolecularDynamicsProfessor,Yes,Yes,https://github.com/TheMolecularDynamicsProfessor
Lucasnistico,Yes,Yes,https://github.com/Lucasnistico
urmasa-tar,Yes,Yes,https://github.com/urmasa-tar
rakinplaban,Yes,Yes,https://github.com/rakinplaban
hernandezraymondm,Yes,Yes,https://github.com/hernandezraymondm
jozef-javorsky-dodo,Yes,Yes,https://github.com/jozef-javorsky-dodo
PacomKapus,Yes,Yes,https://github.com/PacomKapus
MattNami,No,Yes,https://github.com/MattNami
subhashhhhhh,Yes,Yes,https://github.com/subhashhhhhh
Emon2358,Yes,Yes,https://github.com/Emon2358
aminabdiii,Yes,Yes,https://github.com/aminabdiii
HA2345567,Yes,Yes,https://github.com/HA2345567
Younes-ch,No,Yes,https://github.com/Younes-ch
Ravi-Dahiya-00,Yes,Yes,https://github.com/Ravi-Dahiya-00
hyper-ayoub,Yes,Yes,https://github.com/hyper-ayoub
akaday,Yes,Yes,https://github.com/akaday
nelbta,Yes,Yes,https://github.com/nelbta
karianne50m,Yes,Yes,https://github.com/karianne50m
sevenjunebaby,Yes,Yes,https://github.com/sevenjunebaby
CaioSampa,Yes,Yes,https://github.com/CaioSampa
josephmbasile,Yes,Yes,https://github.com/josephmbasile
Sara-ibrahiim,Yes,Yes,https://github.com/Sara-ibrahiim
siridc,Yes,Yes,https://github.com/siridc
rejwar,No,Yes,https://github.com/rejwar
italia,Yes,No,https://github.com/italia
FarahIbrar,Yes,Yes,https://github.com/FarahIbrar
LSUDOKO,Yes,Yes,https://github.com/LSUDOKO
AbolfazlAbbasiSaeb,Yes,Yes,https://github.com/AbolfazlAbbasiSaeb
ediakatos,Yes,Yes,https://github.com/ediakatos
StefanHritcu,Yes,Yes,https://github.com/StefanHritcu
aptsharp,Yes,Yes,https://github.com/aptsharp
fracapuano,Yes,No,https://github.com/fracapuano
K1rsN7,Yes,Yes,https://github.com/K1rsN7
whitenight-eco,Yes,Yes,https://github.com/whitenight-eco
HartajS,Yes,Yes,https://github.com/HartajS
TAJ2003,Yes,Yes,https://github.com/TAJ2003
Abdullahsaleh203,Yes,Yes,https://github.com/Abdullahsaleh203
9elmaz9,Yes,Yes,https://github.com/9elmaz9
nahidhk,Yes,Yes,https://github.com/nahidhk
gabrielestefono,Yes,Yes,https://github.com/gabrielestefono
paren-thesis,Yes,Yes,https://github.com/paren-thesis
laurence57l,Yes,Yes,https://github.com/laurence57l
devstar829,Yes,Yes,https://github.com/devstar829
bjtu-lucas-nlp,Yes,Yes,https://github.com/bjtu-lucas-nlp
Benjamin-cup,Yes,Yes,https://github.com/Benjamin-cup
Bubhux,Yes,Yes,https://github.com/Bubhux
jahidnation,Yes,No,https://github.com/jahidnation
psemicol,Yes,Yes,https://github.com/psemicol
NovaLogics,Yes,Yes,https://github.com/NovaLogics
kenjinote,Yes,Yes,https://github.com/kenjinote
SeunBoyy,Yes,Yes,https://github.com/SeunBoyy
toastkidjp,Yes,Yes,https://github.com/toastkidjp
Bikmandjuma,Yes,Yes,https://github.com/Bikmandjuma
adhil-bit,Yes,Yes,https://github.com/adhil-bit
jacobsomer,Yes,Yes,https://github.com/jacobsomer
PouyaSonej,Yes,Yes,https://github.com/PouyaSonej
Rez4-3yz,Yes,Yes,https://github.com/Rez4-3yz
jack-petrovic,Yes,Yes,https://github.com/jack-petrovic
cfrBernard,Yes,Yes,https://github.com/cfrBernard
Lasim,Yes,Yes,https://github.com/Lasim
lunanfoldomics,Yes,Yes,https://github.com/lunanfoldomics
github-erro,Yes,Yes,https://github.com/github-erro
george0st,Yes,Yes,https://github.com/george0st
CShikina,Yes,No,https://github.com/CShikina
prabinpanta0,Yes,Yes,https://github.com/prabinpanta0
amirallami-code,Yes,Yes,https://github.com/amirallami-code
LOOOOOOK12,Yes,Yes,https://github.com/LOOOOOOK12
joe-mcintyre,Yes,Yes,https://github.com/joe-mcintyre
omarsoufiane,Yes,Yes,https://github.com/omarsoufiane
NoraCPU,Yes,Yes,https://github.com/NoraCPU
KostasSliazas,Yes,Yes,https://github.com/KostasSliazas
SanOrtellado,Yes,Yes,https://github.com/SanOrtellado
realpuneetsharma,Yes,Yes,https://github.com/realpuneetsharma
Jaachimike,Yes,Yes,https://github.com/Jaachimike
yeasin-gazi,Yes,Yes,https://github.com/yeasin-gazi
mhaythornthwaite,Yes,No,https://github.com/mhaythornthwaite
zshaian,Yes,Yes,https://github.com/zshaian
hipolitorodrigues,Yes,Yes,https://github.com/hipolitorodrigues
dreamstreamerr,Yes,Yes,https://github.com/dreamstreamerr
mbahomaid,Yes,No,https://github.com/mbahomaid
kayukeee,Yes,Yes,https://github.com/kayukeee
Bibi1205,Yes,Yes,https://github.com/Bibi1205
TheNeutronGirl,Yes,Yes,https://github.com/TheNeutronGirl
